stage,input_seq_size,output_seq_size,FIOU,AIOU,ADE,FDE
test,15,30,0.21859264373779297,0.49200206995010376,42.77614212036133,97.50640106201172
test,15,60,0.06363312900066376,0.30095282196998596,110.88166046142578,251.5499725341797
test,30,30,0.2104174643754959,0.48387232422828674,43.34799575805664,98.19613647460938
test,30,60,0.06399974972009659,0.29531821608543396,111.41307830810547,252.37950134277344
