model,batch_size,hidden_size,hidden_depth,learning_rate,scheduler_patience,scheduler_factor,max_epochs,dropout,input_frames,output_frames,test_vel_loss,test_pos_loss,test_vel_to_pos_loss,test_loss,test_ADE,test_FDE,test_AIOU,test_FIOU,test_ADE_from_vel,test_FDE_from_vel,test_AIOU_from_vel,test_FIOU_from_vel,test_Best_FIOU
classic,16,80,1,0.0001,10,0.5,60,0.1,15,30,0.00040659779915586114,0.009983716532588005,0.005890917032957077,0.010979404672980309,63.44010925292969,93.49847412109375,0.23953047394752502,0.13246628642082214,53.968570709228516,99.93163299560547,0.43131202459335327,0.20898663997650146,0.20898663997650146
sum,16,80,1,0.0001,10,0.5,60,0.1,15,30,0.00042204774217680097,0.010196661576628685,0.006396163254976273,0.011258327402174473,68.91670989990234,98.75958251953125,0.24319763481616974,0.13397811353206635,69.12574768066406,101.2679214477539,0.33050718903541565,0.1695069819688797,0.1695069819688797
average,16,80,1,0.0001,10,0.5,60,0.1,15,30,0.0004247560864314437,0.010945223271846771,0.005436039995402098,0.011913581751286983,76.63792419433594,109.49764251708984,0.19507838785648346,0.1175815761089325,60.01157760620117,100.921875,0.3513553738594055,0.18786343932151794,0.18786343932151794
concat,16,80,1,0.0001,10,0.5,60,0.1,15,30,0.00041815105942077935,0.00931493565440178,0.00540878577157855,0.010273965075612068,58.00994110107422,88.56918334960938,0.2760624289512634,0.1585051566362381,60.257022857666016,92.51971435546875,0.3605504333972931,0.19084149599075317,0.19084149599075317
