model,batch_size,hidden_size,hidden_depth,learning_rate,scheduler_patience,scheduler_factor,max_epochs,dropout,input_frames,output_frames,test_vel_loss,test_pos_loss,test_vel_to_pos_loss,test_loss,test_ade_from_vel,test_fde_from_vel,test_aiou_from_vel,test_fiou_from_vel,test_ade,test_fde,test_aiou,test_fiou
classic,16,64,1,0.0001,5,0.1,60,0.1,30,60,0.0004907514085061848,0.014076132327318192,0.012066174298524857,0.015773508697748184,104.19404602050781,165.2996368408203,0.21086861193180084,0.10067585110664368,90.38031005859375,128.4755096435547,0.13539819419384003,0.06673160940408707
sum,16,64,1,0.0001,5,0.1,60,0.1,30,60,0.000522279238793999,0.014524327591061592,0.011668858118355274,0.01621348410844803,107.91744232177734,147.0222930908203,0.14878003299236298,0.0696776881814003,101.57270812988281,138.8585968017578,0.12347394973039627,0.06581313163042068
average,16,64,1,0.0001,5,0.1,60,0.1,30,60,0.0004740973236039281,0.01583264209330082,0.010041852481663227,0.01731092296540737,91.81061553955078,134.4277801513672,0.21274283528327942,0.10864248126745224,94.90740203857422,134.6562957763672,0.12612903118133545,0.07207594066858292
concat,16,64,1,0.0001,5,0.1,60,0.1,30,60,0.0004805370408575982,0.015685835853219032,0.010244205594062805,0.01719079725444317,91.45100402832031,133.16290283203125,0.21118824183940887,0.11438925564289093,94.8834457397461,123.427734375,0.13194695115089417,0.06467536836862564
