model,batch_size,hidden_size,hidden_depth,learning_rate,scheduler_patience,scheduler_factor,max_epochs,dropout,input_frames,output_frames,test_vel_loss,test_pos_loss,test_vel_to_pos_loss,test_loss,test_best_fiou,test_ade_from_vel,test_fde_from_vel,test_aiou_from_vel,test_fiou_from_vel,test_ade,test_fde,test_aiou,test_fiou
classic,16,86,1,0.0001,5,0.1,60,0.1,30,60,0.000500423600897193,0.017155757173895836,0.013064390048384666,0.018962619826197624,0.033811185508966446,106.64913177490234,169.09536743164062,0.1942404955625534,0.09064178913831711,114.83221435546875,155.64768981933594,0.12365277856588364,0.06958208978176117
sum,16,86,1,0.0001,5,0.1,60,0.1,30,60,0.00049784523434937,0.015271065756678581,0.010292494669556618,0.016798166558146477,0.049127399921417236,95.76133728027344,139.32174682617188,0.190347358584404,0.10081344842910767,101.31105041503906,143.3157196044922,0.12406929582357407,0.06842243671417236
average,16,86,1,0.0001,5,0.1,60,0.1,30,60,0.0004547940334305167,0.014857040718197823,0.010726327076554298,0.016384463757276535,0.0526476614177227,90.8880844116211,136.69935607910156,0.234076589345932,0.09155885130167007,91.34261322021484,121.86298370361328,0.13969686627388,0.07524285465478897
concat,16,86,1,0.0001,5,0.1,60,0.1,30,60,0.00047838216414675117,0.013892450369894505,0.010180593468248844,0.015388889238238335,0.052204836159944534,92.5556869506836,129.79502868652344,0.2066086381673813,0.11169078201055527,88.75947570800781,122.65258026123047,0.1416868418455124,0.07104215025901794
