model,batch_size,hidden_size,hidden_depth,learning_rate,scheduler_patience,scheduler_factor,max_epochs,dropout,input_frames,output_frames,test_sizes_loss,test_positions_loss,test_loss,test_ADE,test_FDE,test_AIOU,test_FIOU,test_ADE_from_vel,test_FDE_from_vel,test_AIOU_from_vel,test_FIOU_from_vel,test_Best_FIOU
classic,16,60,1,0.0001,5,0.1,60,0.1,15,30,0.002685433253645897,0.0023376967292279005,0.005023129750043154,43.69816207885742,88.42113494873047,0.4351181089878082,0.19519080221652985,67.41777801513672,119.01194763183594,0.2837603688240051,0.0997193232178688,0.19519080221652985
concat,16,60,1,0.0001,5,0.1,60,0.1,15,30,0.02383015677332878,0.002197644440457225,0.026027800515294075,38.76892852783203,75.94547271728516,0.46790221333503723,0.19996680319309235,66.92880249023438,118.10916137695312,0.29276180267333984,0.09898341447114944,0.19996680319309235
classic,16,86,1,0.0001,5,0.1,60,0.1,15,30,0.016155291348695755,0.0019418102456256747,0.018097098916769028,33.20372772216797,68.27002716064453,0.4196680188179016,0.19074183702468872,56.475341796875,103.70197296142578,0.2822934687137604,0.08923851698637009,0.19074183702468872
concat,16,86,1,0.0001,5,0.1,60,0.1,15,30,0.0613524466753006,0.0024973999243229628,0.06384982168674469,45.7578010559082,92.72437286376953,0.39772480726242065,0.14647115767002106,70.20132446289062,123.17281341552734,0.2654234766960144,0.0978967696428299,0.14647115767002106
