model,batch_size,hidden_size,hidden_depth,learning_rate,scheduler_patience,scheduler_factor,max_epochs,dropout,input_frames,output_frames,test_sizes_loss,test_positions_loss,test_loss,test_ADE,test_FDE,test_AIOU,test_FIOU,test_ADE_from_vel,test_FDE_from_vel,test_AIOU_from_vel,test_FIOU_from_vel,test_Best_FIOU
classic,16,128,1,0.0001,5,0.1,60,0.1,15,30,0.13522808253765106,0.0019438753370195627,0.2752525508403778,31.603334426879883,67.19989776611328,0.4345545768737793,0.20883487164974213,28.695098876953125,63.628692626953125,0.5336936712265015,0.2843012511730194,0.2843012511730194
concat,16,128,1,0.0001,5,0.1,60,0.1,15,30,0.01366592850536108,0.0019178014481440187,0.03220209851861,33.77564239501953,72.76371765136719,0.5099068284034729,0.24962224066257477,33.110443115234375,70.31159973144531,0.5064905881881714,0.25503629446029663,0.25503629446029663
classic,16,128,2,0.0001,5,0.1,60,0.1,15,30,0.04213942214846611,0.001842964207753539,0.08836618065834045,29.63365364074707,66.26345825195312,0.46270716190338135,0.2159133404493332,31.400428771972656,70.26372528076172,0.5350088477134705,0.20703551173210144,0.2159133404493332
concat,16,128,2,0.0001,5,0.1,60,0.1,15,30,0.002288075163960457,0.001781510072760284,0.008428305387496948,31.124710083007812,67.7508773803711,0.5065736174583435,0.25715383887290955,30.61855125427246,67.40853881835938,0.5685429573059082,0.27607467770576477,0.27607467770576477
classic,16,128,3,0.0001,5,0.1,60,0.1,15,30,0.00217182794585824,0.0018798590172082186,0.008526544086635113,26.58254623413086,63.60454559326172,0.5510781407356262,0.3031793534755707,31.557764053344727,70.23228454589844,0.5626267790794373,0.2863091230392456,0.3031793534755707
concat,16,128,3,0.0001,5,0.1,60,0.1,15,30,0.004402647726237774,0.001802510698325932,0.012712203897535801,29.337228775024414,65.44061279296875,0.49626681208610535,0.24572798609733582,34.4472541809082,71.86412048339844,0.5195193290710449,0.2560311555862427,0.2560311555862427
