model,batch_size,hidden_size,hidden_depth,learning_rate,scheduler_patience,scheduler_factor,max_epochs,dropout,input_frames,output_frames,test_sizes_loss,test_positions_loss,test_loss,test_ADE,test_FDE,test_AIOU,test_FIOU,test_ADE_from_vel,test_FDE_from_vel,test_AIOU_from_vel,test_FIOU_from_vel,test_Best_FIOU
classic,16,60,1,0.0001,5,0.1,60,0.1,15,30,0.012682616710662842,0.0023818910121917725,0.03144872188568115,50.853797912597656,95.66082000732422,0.3016362488269806,0.1353939175605774,35.82763671875,76.22827911376953,0.44234102964401245,0.17496028542518616,0.17496028542518616
concat,16,60,1,0.0001,5,0.1,60,0.1,15,30,0.024605222046375275,0.0023479298688471317,0.05497535690665245,45.3551025390625,84.24320220947266,0.41767266392707825,0.18949240446090698,44.12982177734375,85.14977264404297,0.44034212827682495,0.19146481156349182,0.19146481156349182
classic,16,86,1,0.0001,5,0.1,60,0.1,15,30,0.07715544104576111,0.002038937760517001,0.15940582752227783,36.516658782958984,76.0700454711914,0.4145306944847107,0.182896226644516,31.757238388061523,69.752197265625,0.5010891556739807,0.24952518939971924,0.24952518939971924
concat,16,86,1,0.0001,5,0.1,60,0.1,15,30,0.03752807527780533,0.0022635520435869694,0.0806373655796051,42.02466583251953,84.1263656616211,0.43460333347320557,0.17652994394302368,42.60423278808594,83.03657531738281,0.44800037145614624,0.20964744687080383,0.20964744687080383
classic,16,128,1,0.0001,5,0.1,60,0.1,15,30,0.08272108435630798,0.0019069924019277096,0.1698976755142212,31.473743438720703,70.79866790771484,0.44917887449264526,0.1744856834411621,28.92815589904785,66.2645492553711,0.5534548759460449,0.28340205550193787,0.28340205550193787
concat,16,128,1,0.0001,5,0.1,60,0.1,15,30,0.08120081573724747,0.0020947144366800785,0.16731633245944977,39.04899597167969,76.5470199584961,0.43299195170402527,0.18593309819698334,37.40991973876953,76.72504425048828,0.4860616624355316,0.2133457064628601,0.2133457064628601
