batch_size,hidden_dim,encoder_layer_nb,decoder_layer_nb,learning_rate,scheduler_patience,scheduler_factor,max_epochs,dropout,input_frames,output_frames,total_loss,test_ADE,test_FDE,test_AIoU,test_FIoU,test_loss
16,64,1,1,0.001,5,0.5,30,0.1,60,30,,56.165794372558594,99.11249542236328,0.4400291442871094,0.21325556933879852,0.0010823664488270879
16,64,3,3,0.001,5,0.5,30,0.1,60,30,,57.005313873291016,97.9674072265625,0.4434356391429901,0.21608640253543854,0.00113774579949677
16,80,1,1,0.001,5,0.5,30,0.1,60,30,,66.11153411865234,108.35067749023438,0.4107040464878082,0.19298753142356873,0.0012569435639306903
16,80,3,3,0.001,5,0.5,30,0.1,60,30,,52.06551742553711,92.62469482421875,0.44551241397857666,0.22506922483444214,0.001044906210154295
