model,batch_size,hidden_size,hidden_depth,learning_rate,scheduler_patience,scheduler_factor,max_epochs,dropout,input_frames,output_frames,test_sizes_loss,test_positions_loss,test_loss,test_ADE,test_FDE,test_AIOU,test_FIOU,test_ADE_from_vel,test_FDE_from_vel,test_AIOU_from_vel,test_FIOU_from_vel,test_Best_FIOU
concat,16,64,1,0.0005,5,0.9,100,0.1,15,30,0.003937048837542534,0.0028052274137735367,0.013790956698358059,46.51496505737305,70.43061828613281,0.394538938999176,0.2654888927936554,30.54115104675293,58.30065155029297,0.5792148113250732,0.3326525390148163,0.3326525390148163
concat,16,64,3,0.0005,5,0.9,100,0.1,15,30,0.005630712024867535,0.0023885751143097878,0.01638651266694069,36.082550048828125,63.24059295654297,0.427978515625,0.2743968367576599,37.64125061035156,69.13236999511719,0.5450193881988525,0.32271608710289,0.32271608710289
