model,batch_size,hidden_size,hidden_depth,learning_rate,scheduler_patience,scheduler_factor,max_epochs,dropout,input_frames,output_frames,test_sizes_loss,test_positions_loss,test_loss,test_ADE,test_FDE,test_AIOU,test_FIOU,test_ADE_from_vel,test_FDE_from_vel,test_AIOU_from_vel,test_FIOU_from_vel,test_Best_FIOU
classic,16,128,1,0.0001,5,0.1,60,0.1,15,30,0.0022573131136596203,0.0018459081184118986,0.008639732375741005,32.75153732299805,56.9202880859375,0.43133386969566345,0.2777259945869446,28.721405029296875,59.77992630004883,0.5193872451782227,0.2761080861091614,0.2777259945869446
concat,16,128,1,0.0001,5,0.1,60,0.1,15,30,0.0019086402608081698,0.0021342674735933542,0.008504858240485191,40.19587707519531,62.00105667114258,0.4248291850090027,0.29430171847343445,30.61817741394043,60.518760681152344,0.5545918941497803,0.3341667056083679,0.3341667056083679
classic,16,128,2,0.0001,5,0.1,60,0.1,15,30,0.005199002102017403,0.0019041368504986167,0.014564182609319687,33.261444091796875,57.262168884277344,0.3930571973323822,0.25348320603370667,28.702392578125,57.446372985839844,0.521996259689331,0.30040231347084045,0.30040231347084045
concat,16,128,2,0.0001,5,0.1,60,0.1,15,30,0.002767071360722184,0.0021724195685237646,0.010284284129738808,41.55628967285156,66.53238677978516,0.41009268164634705,0.2611837685108185,29.61040687561035,59.19672393798828,0.5688708424568176,0.34157687425613403,0.34157687425613403
classic,16,128,3,0.0001,5,0.1,60,0.1,15,30,0.0027706497348845005,0.001908354228362441,0.009688219055533409,32.226844787597656,57.68269348144531,0.4318016469478607,0.2716073989868164,25.41097068786621,55.12666702270508,0.5876894593238831,0.32146304845809937,0.32146304845809937
concat,16,128,3,0.0001,5,0.1,60,0.1,15,30,0.003167758695781231,0.001904347212985158,0.010410106740891933,33.743133544921875,57.246768951416016,0.4380477964878082,0.2912844121456146,28.886754989624023,58.787906646728516,0.5791799426078796,0.3452474772930145,0.3452474772930145
