model,batch_size,hidden_size,hidden_depth,learning_rate,scheduler_patience,scheduler_factor,max_epochs,dropout,input_frames,output_frames,test_sizes_loss,test_positions_loss,test_loss,test_ADE,test_FDE,test_AIOU,test_FIOU,test_ADE_from_vel,test_FDE_from_vel,test_AIOU_from_vel,test_FIOU_from_vel,test_Best_FIOU
classic,16,128,1,0.0001,5,0.1,60,0.1,15,30,0.003758946666494012,0.0019474861910566688,0.011811468750238419,33.752933502197266,59.0870475769043,0.40176498889923096,0.258279412984848,29.04685401916504,58.870262145996094,0.5227602124214172,0.27453333139419556,0.27453333139419556
concat,16,128,1,0.0001,5,0.1,60,0.1,15,30,0.0031999005004763603,0.00239057675935328,0.011446353048086166,42.23073959350586,69.95750427246094,0.4010912775993347,0.24843987822532654,30.72894287109375,63.08363342285156,0.5482785105705261,0.30473583936691284,0.30473583936691284
classic,16,128,2,0.0001,5,0.1,60,0.1,15,30,0.0021946772467345,0.001977114472538233,0.008641396649181843,34.60379409790039,61.621578216552734,0.4212106168270111,0.2651303708553314,29.18584632873535,60.16604995727539,0.5419354438781738,0.3037589490413666,0.3037589490413666
concat,16,128,2,0.0001,5,0.1,60,0.1,15,30,0.0019799668807536364,0.0034952391870319843,0.011230304837226868,52.502132415771484,80.52454376220703,0.38759341835975647,0.2377459853887558,38.14738464355469,69.70394897460938,0.5245651602745056,0.29210713505744934,0.29210713505744934
