model,batch_size,hidden_size,hidden_depth,learning_rate,scheduler_patience,scheduler_factor,max_epochs,dropout,input_frames,output_frames,test_sizes_loss,test_positions_loss,test_loss,test_ADE,test_FDE,test_AIOU,test_FIOU,test_ADE_from_vel,test_FDE_from_vel,test_AIOU_from_vel,test_FIOU_from_vel,test_Best_FIOU
concat,16,80,1,0.0005,15,0.5,100,0.1,15,30,0.0028372323140501976,0.0027715100441128016,0.01199270598590374,50.69727325439453,81.42582702636719,0.4065781831741333,0.2542986571788788,35.00005340576172,69.76220703125,0.5590543150901794,0.3142130970954895,0.3142130970954895
concat,16,80,3,0.0005,15,0.5,100,0.1,15,30,0.00500030443072319,0.002140937838703394,0.014760931953787804,37.69070053100586,67.1092758178711,0.4215959310531616,0.26926764845848083,33.94485092163086,64.68536376953125,0.5639053583145142,0.3273969888687134,0.3273969888687134
