batch_size,hidden_dim,encoder_layer_nb,decoder_layer_nb,learning_rate,scheduler_patience,scheduler_factor,max_epochs,dropout,input_frames,output_frames,test_total_loss,test_ADE,test_FDE,test_AIoU,test_FIoU,test_loss,test_position_loss,test_velocity_loss
16,64,1,1,0.001,5,0.5,30,0.1,60,30,,0.10793152451515198,0.1694660633802414,0.36266663670539856,0.17577041685581207,0.006523802876472473,0.006012709345668554,0.0005110940546728671
16,64,3,3,0.001,5,0.5,30,0.1,60,30,,0.13734951615333557,0.18156614899635315,0.3027171790599823,0.16591008007526398,0.009618225507438183,0.0090681416913867,0.0005500820116139948
16,80,1,1,0.001,5,0.5,30,0.1,60,30,,0.12524956464767456,0.17626316845417023,0.35132554173469543,0.15804201364517212,0.008713404648005962,0.00820864737033844,0.0005047573358751833
16,80,3,3,0.001,5,0.5,30,0.1,60,30,,0.1247168555855751,0.16897769272327423,0.32187217473983765,0.17721429467201233,0.008876794017851353,0.008344483561813831,0.0005323090590536594
