stage,input_seq_size,output_seq_size,FIOU,AIOU,ADE,FDE
test,15,30,0.20223882794380188,0.4525151550769806,49.9061164855957,107.7342300415039
test,15,60,0.080182746052742,0.2829436957836151,119.08647918701172,258.3131408691406
test,30,30,0.18068939447402954,0.39559289813041687,58.867958068847656,120.90955352783203
test,30,60,0.08959128707647324,0.256367027759552,129.58041381835938,268.3800048828125
