batch_size,hidden_dim,hidden_depth,learning_rate,scheduler_patience,scheduler_factor,max_epochs,dropout,input_frames,output_frames,total_loss,test_bbox_loss,test_velocity_loss,test_velocities_to_positions_loss,test_ADE_from_vel,test_FDE_from_vel,test_AIoU_from_vel,test_FIoU_from_vel,test_ADE,test_FDE,test_AIoU,test_FIoU,AIoU_from_vel,FIoU_from_vel,test_loss
16,64,1,0.001,5,0.5,30,0.1,60,30,,0.011432522907853127,0.00048403607797808945,,64.64205932617188,101.97898864746094,0.4021209478378296,0.19497954845428467,62.68878936767578,92.53782653808594,0.2398548126220703,0.12093371897935867,,,0.012636187486350536
16,64,3,0.001,5,0.5,30,0.1,60,30,,0.013081537559628487,0.0004785954370163381,,67.84921264648438,120.14225769042969,0.3849574029445648,0.1840064525604248,59.75104522705078,85.4141616821289,0.2591504156589508,0.14102952182292938,,,0.014307730831205845
16,80,1,0.001,5,0.5,30,0.1,60,30,,0.012354325503110886,0.0004838361928705126,,68.8102035522461,111.0721664428711,0.39670681953430176,0.1913125067949295,57.00670623779297,86.89959716796875,0.2364647537469864,0.12980647385120392,,,0.013591021299362183
16,80,3,0.001,5,0.5,30,0.1,60,30,,0.01182692963629961,0.00047854651347734034,,67.23963165283203,118.95185089111328,0.3905228078365326,0.19255417585372925,62.19859313964844,87.13573455810547,0.26958948373794556,0.1377412974834442,,,0.013050948269665241
