model,batch_size,hidden_size,hidden_depth,learning_rate,scheduler_patience,scheduler_factor,max_epochs,dropout,input_frames,output_frames,test_vel_loss,test_pos_loss,test_vel_to_pos_loss,test_loss,test_ade_from_vel,test_fde_from_vel,test_aiou_from_vel,test_fiou_from_vel,test_ade,test_fde,test_aiou,test_fiou
classic,16,64,1,0.0001,5,0.1,1,0.1,30,60,0.0004445174417924136,0.02090345323085785,0.014239981770515442,0.022771967574954033,117.52161407470703,183.2352752685547,0.20196160674095154,0.0802190899848938,143.97096252441406,149.73976135253906,0.03169636428356171,0.022137854248285294
sum,16,64,1,0.0001,5,0.1,1,0.1,30,60,0.0004478386545088142,0.02096625044941902,0.012933377176523209,0.02270742692053318,103.84911346435547,160.5266571044922,0.19274115562438965,0.054616618901491165,144.99810791015625,149.9038543701172,0.02610301785171032,0.02075926959514618
average,16,64,1,0.0001,5,0.1,1,0.1,30,60,0.0004457519680727273,0.020930521190166473,0.013352780602872372,0.02271154522895813,106.76872253417969,167.63101196289062,0.21937771141529083,0.08720511943101883,145.572265625,156.00355529785156,0.03201011195778847,0.020187553018331528
concat,16,64,1,0.0001,5,0.1,1,0.1,30,60,0.0004448508843779564,0.020112210884690285,0.013298860751092434,0.021886952221393585,107.63851928710938,167.02517700195312,0.21385450661182404,0.0824146494269371,139.33912658691406,150.650634765625,0.0360054075717926,0.021017644554376602
