batch_size,hidden_dim,hidden_depth,learning_rate,scheduler_patience,scheduler_factor,max_epochs,dropout,input_frames,output_frames,nb_heads,total_loss,test_bbox_loss,test_velocity_loss,test_velocities_to_positions_loss,test_ADE_from_vel,test_FDE_from_vel,test_AIoU_from_vel,test_FIoU_from_vel,test_ADE,test_FDE,test_AIoU,test_FIoU,AIoU_from_vel,FIoU_from_vel,test_loss
16,64,1,0.001,5,0.5,30,0.1,60,30,4,,0.012071705423295498,0.0004896532045677304,,76.23632049560547,121.7625732421875,0.37614256143569946,0.17748670279979706,63.65342330932617,92.19713592529297,0.23520484566688538,0.1157398596405983,,,0.013415686786174774
16,64,3,0.001,5,0.5,30,0.1,60,30,4,,0.014076563529670238,0.000478494621347636,,65.6646957397461,115.90557861328125,0.39908698201179504,0.20406562089920044,78.992431640625,99.6311264038086,0.23940691351890564,0.13008807599544525,,,0.015294483862817287
16,80,1,0.001,5,0.5,30,0.1,60,30,4,,0.011888809502124786,0.0004935561446473002,,71.13668823242188,111.4616928100586,0.3896459937095642,0.1825391948223114,64.54097747802734,93.76710510253906,0.23357822000980377,0.11302743852138519,,,0.013183130882680416
16,80,3,0.001,5,0.5,30,0.1,60,30,4,,0.01313882414251566,0.0004788401420228183,,69.70152282714844,123.79661560058594,0.37447047233581543,0.1723974496126175,59.34062576293945,88.28823852539062,0.2574830949306488,0.12243595719337463,,,0.014371203258633614
