batch_size,hidden_dim,encoder_layer_nb,decoder_layer_nb,learning_rate,scheduler_patience,scheduler_factor,max_epochs,dropout,input_frames,output_frames,test_total_loss,test_ADE,test_FDE,test_AIoU,test_FIoU,test_loss
16,64,1,1,0.001,5,0.5,30,0.1,60,30,,72.29600524902344,113.15779113769531,0.34055253863334656,0.14383536577224731,0.0012002568691968918
16,64,3,3,0.001,5,0.5,30,0.1,60,30,,73.94026184082031,105.42277526855469,0.3500337600708008,0.16131746768951416,0.0012405405286699533
16,80,1,1,0.001,5,0.5,30,0.1,60,30,,76.90354919433594,115.56784057617188,0.36559948325157166,0.14321301877498627,0.0015552391996607184
16,80,3,3,0.001,5,0.5,30,0.1,60,30,,75.7747802734375,109.10526275634766,0.3557680547237396,0.15317046642303467,0.0014540540287271142
