batch_size,hidden_dim,encoder_layer_nb,decoder_layer_nb,learning_rate,scheduler_patience,scheduler_factor,max_epochs,dropout,input_frames,output_frames,total_loss,test_ADE,test_FDE,test_AIoU,test_FIoU,test_loss
16,64,1,1,0.001,5,0.5,30,0.1,60,30,,63.523902893066406,111.78136444091797,0.3552300035953522,0.17473497986793518,0.007399796973913908
16,64,3,3,0.001,5,0.5,30,0.1,60,30,,77.19404602050781,110.78803253173828,0.2701195776462555,0.14536648988723755,0.014122163876891136
16,80,1,1,0.001,5,0.5,30,0.1,60,30,,76.76509094238281,123.67633819580078,0.2838183343410492,0.12278306484222412,0.010138220153748989
16,80,3,3,0.001,5,0.5,30,0.1,60,30,,82.43095397949219,114.18798065185547,0.2560112476348877,0.15632814168930054,0.012748423032462597
